tanggal,pengunjung
2025-01-01,97
2025-01-02,105
2025-01-03,106
2025-01-04,103
2025-01-05,108
2025-01-06,116
2025-01-07,106
2025-01-08,113
2025-01-09,120
2025-01-10,114
2025-01-11,116
2025-01-12,118
2025-01-13,123
2025-01-14,116
2025-01-15,117
2025-01-16,116
2025-01-17,123
2025-01-18,121
2025-01-19,117
2025-01-20,113
2025-01-21,112
2025-01-22,113
2025-01-23,104
2025-01-24,108
2025-01-25,99
2025-01-26,99
2025-01-27,102
2025-01-28,94
2025-01-29,97
2025-01-30,93
2025-01-31,95
2025-02-01,87
2025-02-02,89
2025-02-03,93
2025-02-04,98
2025-02-05,96
2025-02-06,97
2025-02-07,101
2025-02-08,97
2025-02-09,103
2025-02-10,102
2025-02-11,101
2025-02-12,107
2025-02-13,113
2025-02-14,114
2025-02-15,116
2025-02-16,125
2025-02-17,122
2025-02-18,125
2025-02-19,131
2025-02-20,122
2025-02-21,125
2025-02-22,134
2025-02-23,128
2025-02-24,131
2025-02-25,135
2025-02-26,134
2025-02-27,137
2025-02-28,136
2025-03-01,133
2025-03-02,127
2025-03-03,130
2025-03-04,128
2025-03-05,121
2025-03-06,128
2025-03-07,124
2025-03-08,120
2025-03-09,117
2025-03-10,113
2025-03-11,115
2025-03-12,114
2025-03-13,109
2025-03-14,114
2025-03-15,106
2025-03-16,102
2025-03-17,111
2025-03-18,107
2025-03-19,108
2025-03-20,106
2025-03-21,105
2025-03-22,114
2025-03-23,110
2025-03-24,118
2025-03-25,118
2025-03-26,116
2025-03-27,116
2025-03-28,119
2025-03-29,120
2025-03-30,133
2025-03-31,129
2025-04-01,135
2025-04-02,130
2025-04-03,136
2025-04-04,141
2025-04-05,139
2025-04-06,144
2025-04-07,139
2025-04-08,139
2025-04-09,145
2025-04-10,144
2025-04-11,147
2025-04-12,139
2025-04-13,146
2025-04-14,151
2025-04-15,142
2025-04-16,141
2025-04-17,140
2025-04-18,133
2025-04-19,138
2025-04-20,130
2025-04-21,132
2025-04-22,135
2025-04-23,127
2025-04-24,129
2025-04-25,129
2025-04-26,125
2025-04-27,119
2025-04-28,121
2025-04-29,128
2025-04-30,115
2025-05-01,120
2025-05-02,120
2025-05-03,122
2025-05-04,125
2025-05-05,128
2025-05-06,124
2025-05-07,129
2025-05-08,130
2025-05-09,132
2025-05-10,131
2025-05-11,132
2025-05-12,134
2025-05-13,137
2025-05-14,143
2025-05-15,147
2025-05-16,148
2025-05-17,147
2025-05-18,156
2025-05-19,157
2025-05-20,153
2025-05-21,153
2025-05-22,157
2025-05-23,161
2025-05-24,159
2025-05-25,160
2025-05-26,157
2025-05-27,159
2025-05-28,161
2025-05-29,155
2025-05-30,155
2025-05-31,154
2025-06-01,152
2025-06-02,145
2025-06-03,142
2025-06-04,143
2025-06-05,145
2025-06-06,144
2025-06-07,139
2025-06-08,143
2025-06-09,137
2025-06-10,137
2025-06-11,135
2025-06-12,135
2025-06-13,137
2025-06-14,136
2025-06-15,132
2025-06-16,140
2025-06-17,132
2025-06-18,137
2025-06-19,137
2025-06-20,137
2025-06-21,141
2025-06-22,141
2025-06-23,146
2025-06-24,149
2025-06-25,155
2025-06-26,154
2025-06-27,154
2025-06-28,157
2025-06-29,160
2025-06-30,163
2025-07-01,169
2025-07-02,170
2025-07-03,167
2025-07-04,167
2025-07-05,162
2025-07-06,169
2025-07-07,168
2025-07-08,170
2025-07-09,172
2025-07-10,171
2025-07-11,170
2025-07-12,169
2025-07-13,167
2025-07-14,167
2025-07-15,155
2025-07-16,162
2025-07-17,161
2025-07-18,158
2025-07-19,157
2025-07-20,158
2025-07-21,152
2025-07-22,159
2025-07-23,153
2025-07-24,150
2025-07-25,148
2025-07-26,148
2025-07-27,145
2025-07-28,147
2025-07-29,149
2025-07-30,150
2025-07-31,151
2025-08-01,149
2025-08-02,147
2025-08-03,151
2025-08-04,160
2025-08-05,160
2025-08-06,160
2025-08-07,159
2025-08-08,164
2025-08-09,162
2025-08-10,167
2025-08-11,170
2025-08-12,172
2025-08-13,178
2025-08-14,173
2025-08-15,177
2025-08-16,177
2025-08-17,178
2025-08-18,184
2025-08-19,179
2025-08-20,187
2025-08-21,184
2025-08-22,184
2025-08-23,185
2025-08-24,182
2025-08-25,185
2025-08-26,180
2025-08-27,181
2025-08-28,177
2025-08-29,177
2025-08-30,175
2025-08-31,173
2025-09-01,168
2025-09-02,170
2025-09-03,166
2025-09-04,167
2025-09-05,158
2025-09-06,159
2025-09-07,163
2025-09-08,167
2025-09-09,163
2025-09-10,159
2025-09-11,156
2025-09-12,164
2025-09-13,162
2025-09-14,165
2025-09-15,165
2025-09-16,166
2025-09-17,177
2025-09-18,170
2025-09-19,172
2025-09-20,174
2025-09-21,175
2025-09-22,182
2025-09-23,181
2025-09-24,186
2025-09-25,187
2025-09-26,192
2025-09-27,192
2025-09-28,189
2025-09-29,190
2025-09-30,200
2025-10-01,195
2025-10-02,193
2025-10-03,195
2025-10-04,201
2025-10-05,193
2025-10-06,194
2025-10-07,194
2025-10-08,191
2025-10-09,190
2025-10-10,188
2025-10-11,190
2025-10-12,188
2025-10-13,185
2025-10-14,181
2025-10-15,187
2025-10-16,178
2025-10-17,181
2025-10-18,175
2025-10-19,179
2025-10-20,179
2025-10-21,173
2025-10-22,169
2025-10-23,176
2025-10-24,180
2025-10-25,175
2025-10-26,175
2025-10-27,178
2025-10-28,179
2025-10-29,175
2025-10-30,177
2025-10-31,183
2025-11-01,183
2025-11-02,189
2025-11-03,186
2025-11-04,192
2025-11-05,194
2025-11-06,195
2025-11-07,201
2025-11-08,202
2025-11-09,199
2025-11-10,206
2025-11-11,210
2025-11-12,207
2025-11-13,208
2025-11-14,208
2025-11-15,210
2025-11-16,213
2025-11-17,208
2025-11-18,207
2025-11-19,209
2025-11-20,205
2025-11-21,210
2025-11-22,206
2025-11-23,200
2025-11-24,203
2025-11-25,202
2025-11-26,202
2025-11-27,198
2025-11-28,202
2025-11-29,194
2025-11-30,193
2025-12-01,192
2025-12-02,190
2025-12-03,190
2025-12-04,190
2025-12-05,192
2025-12-06,183
2025-12-07,186
2025-12-08,186
2025-12-09,191
2025-12-10,188
2025-12-11,184
2025-12-12,191
2025-12-13,193
2025-12-14,195
2025-12-15,193
2025-12-16,204
2025-12-17,200
2025-12-18,203
2025-12-19,203
2025-12-20,206
2025-12-21,207
2025-12-22,212
2025-12-23,212
2025-12-24,223
2025-12-25,213
2025-12-26,217
2025-12-27,221
2025-12-28,225
2025-12-29,222
2025-12-30,226
2025-12-31,221
